,Beta_Analytical,Beta_DirectRegression,Abs_Diff,Alpha_Direct,R2_Direct
Portfolio,0.8488654364942565,0.8488654364942564,1.1102230246251565e-16,0.00666858350446921,0.7393766345688877
