Asset,Sector,Alpha,Beta,R2,SE_Alpha,SE_Beta,t_Alpha,t_Beta,p_Alpha,p_Beta,Beta Class,Alpha Significant (5%)
AAPL,Technology,0.0070107051738329965,0.8646610097049754,0.2652780955112435,0.007753931398898244,0.1889481644667581,0.9041484652326364,4.5761810502112406,0.3696569147697078,2.5461210835040818e-05,Defensive (β<1),False
JPM,Financials,0.007303117906264098,1.2358792705832957,0.5798475996832022,0.00566875674006221,0.138136530456732,1.2883103370182634,8.946795366128047,0.20275377992712426,1.6232876963707597e-12,Aggressive (β>1),False
PG,Consumer Staples,-0.000986325238439697,0.6149074043278657,0.22726882339741494,0.006109691593590761,0.14888125167460048,-0.161436174532014,4.130186960490006,0.8723109163051813,0.00011776070154380795,Defensive (β<1),False
XOM,Energy,0.014930868926816051,0.633852324274867,0.12177384905719901,0.009172327082480558,0.22351169709467528,1.6278168879666857,2.8358798779393606,0.10898452388350761,0.006282533796505656,Defensive (β<1),False
